
{
    "background_url": "http://2016.opentechsummit.net/img/15435769939_82ab5f1580_k.jpg",
    "closing_datetime": "2016-05-04 00:00:00",
    "color": null,
    "creator": {
        "email": "super_admin@gmail.com",
        "id": 1
    },
    "description": "The OpenTechSummit brings the exciting ideas and creators of the open-Technology community in Berlin.",
    "email": "contact@opentechsummit.net",
    "start_time": "2016-05-05 09:00:00",
    "event_url": "http://2016.opentechsummit.net",
    "id": 1,
    "latitude": 52.52,
    "location_name": "Berlin",
    "logo": "http://2016.opentechsummit.net/img/Logo_OpenTecSummit_TXT_grey.png",
    "longitude": 13.405,
    "name": "Open Tech Summit",
    "organizer_description": "Promoting open source ideas and technology throughout the world",
    "organizer_name": "FOSSASIA",
    "privacy": "public",
    "schedule_published_on": "2016-05-04 09:00:00",
    "social_links": [
        {
            "id": 1,
            "link": "https://twitter.com/opntec",
            "name": "Twitter"
        },
        {
            "id": 2,
            "link": "https://github.com/opentechsummit",
            "name": "Github"
        },
        {
            "id": 3,
            "link": "https://www.facebook.com/OpenTechSummit",
            "name": "Facebook"
        },
        {
            "id": 4,
            "link": "https://www.flickr.com/search/?q=openxlab",
            "name": "Flickr"
        },
        {
            "id": 5,
            "link": "https://plus.google.com/u/0/111141930325574830495",
            "name": "Google Plus"
        },
        {
            "id": 6,
            "link": "https://www.youtube.com/channel/UCJoKp-gG2t7lH5_hiKp95yA",
            "name": "YouTube"
        }
    ],
    "end_time": "2016-05-05 21:00:00",
    "state": "Completed",
    "ticket_url": "http://www.eventnook.com/event/ots16/register",
    "topic": "Science & Technology",
    "type": "Conference",
    "copyright": {
        "py/object": "models.Copyright",
        "holder_url": "http://opentechsummit.net",
        "license": "Creative Commons By",
        "license_url": "http://creativecommons.org/licenses/by/4.0/",
        "year": "2016",
        "logo": "https://licensebuttons.net/l/by/4.0/80x15.png",
        "holder": "OpenTechSummit"
      }
}