[ 
 {
        "country": "US", 
        "email": "email@domain.com", 
        "facebook": null, 
        "github": "https://github.com/maltman23", 
        "id": 1, 
        "linkedin": "https://www.linkedin.com/pub/dir/Mitch/Altman", 
        "long_biography": "Mitch Altman is a San Francisco-based hacker and inventor, best known for inventing TV-B-Gone remote controls, a keychain that turns off TVs in public places.  He was also co-founder of 3ware, a successful Silly Valley startup in the late 1990s, and did pioneering work in Virtual Reality in the mid-1980s.  He has contributed to MAKE Magazine and other magazines, and wrote a chapter for \u201cMaker Pro\u201d, a book about making a living from projects one loves.  For the last several years Mitch has been giving talks, and leading workshops around the world, teaching people to make cool things with microcontrollers and teaching everyone to solder.  He promotes hackerspaces and open source hardware, and mentors others wherever he goes. He is a co-founder of Noisebridge hackerspace in San Francisco, and is President and CEO of Cornfield Electronics.  Wikipedia page: http://en.wikipedia.org/wiki/Mitch_Altman  TEDxBrussels talk: \"The Hackerspace Movement\": http://tedxtalks.ted.com/video/Mitch-Altman-at-TEDxBrussels ", 
        "mobile": null, 
        "name": "Mitch Altman", 
        "organisation": "Cornfield Electronics", 
        "photo": "https://raw.githubusercontent.com/OpenTechSummit/2016.opentechsummit.net/gh-pages/programm/speakers/Mitch_Altman.jpg", 
        "position": null, 
        "sessions": [
            {
                "id": 1, 
                "title": "Fantastische Hardware Bauen & L\u00f6ten Lernen mit Mitch (TV-B-Gone) // Learn to Solder with Cool Kits!"
            }
        ], 
        "short_biography": null, 
        "twitter": "https://twitter.com/@maltman23", 
        "website": "http://www.CornfieldElectronics.com"
    }, 
    {
        "country": "Deutschland", 
        "email": "email@domain.com", 
        "facebook": null, 
        "github": "https://p0stap0calyptic.wordpress.com/", 
        "id": 2, 
        "linkedin": "", 
        "long_biography": "Paula Pongratz vereine \"wichtige Eigenschaften der Zukunft: Sie ist eigensinnig, kreativ und asozial.\" Schrieb so (mehr oder weniger) eine M\u00fcnchner Tageszeitung.   Die studierte Grafikerin macht zur Zeit lieber Schmuck und Videokunst. Dabei l\u00e4sst sie stark ihre Umgebung in ihre Arbeiten einflie\u00dfen. So entstanden zB die Schmuckserien 'Postapokalyptischer Schmuck', in der sie 'Fundst\u00fccke der menschlichen Zivilisation' zu Schmuck verarbeitete oder 'Schmuck aus Stra\u00dfenkehrmaschinenborsten', welche sie bei ihren Streifz\u00fcgen durch die Stadt findet.  Als VJ versucht sie, aktuelles Weltgeschehen zu thematisieren \u2013 nicht selten kritisch humorvoll kommentierend. Auch mit ihren Videoinstallationen geht sie direkt auf den Raum ein, illustrierend, beschreibend.  Seit 2011 gibt sie Workshops, bei denen Teilnehmende aus selbstgefundenem oderzur Verf\u00fcgung gestelltem Material Schmuck herstellen k\u00f6nnen. Paula Pongratz lebt in M\u00fcnchen und versucht, weniger zu arbeiten.", 
        "mobile": null, 
        "name": "Paulaner Paula Pongratz", 
        "organisation": "Postapokalyptischer Schmuck", 
        "photo": "https://raw.githubusercontent.com/OpenTechSummit/2016.opentechsummit.net/gh-pages/programm/speakers/Paulaner_Paula Pongratz.jpg", 
        "position": null, 
        "sessions": [
            {
                "id": 2, 
                "title": "Postapokalyptischer Schmuck / Postapocalyptic Jewellery"
            }
        ], 
        "short_biography": null, 
        "twitter": "", 
        "website": "https://p0stap0calyptic.wordpress.com/"
    }, 
    {
        "country": "Germany ", 
        "email": "email@domain.com", 
        "facebook": null, 
        "github": "https://github.com/samu", 
        "id": 3, 
        "linkedin": "", 
        "long_biography": "", 
        "mobile": null, 
        "name": "Sandra M\u00fcllrick", 
        "organisation": "Wikimedia Deutschland e.V.", 
        "photo": "https://raw.githubusercontent.com/OpenTechSummit/2016.opentechsummit.net/gh-pages/programm/speakers/Sandra _M\u00fcllrick.jpg", 
        "position": null, 
        "sessions": [
            {
                "id": 3, 
                "title": "Query Service Wikidata "
            }
        ], 
        "short_biography": null, 
        "twitter": "", 
        "website": "https://www.mediawiki.org/wiki/WMDE_Engineering"
    }, 
    {
        "country": "Germany", 
        "email": "email@domain.com", 
        "facebook": null, 
        "github": "https://github.com/Orbiter", 
        "id": 4, 
        "linkedin": "https://de.linkedin.com/in/orbiter/en", 
        "long_biography": "Michael Christen ist der Architekt und Maintainer der Peer-to-Peer Suchmaschinensoftware YaCy. Er arbeitet freiberuflich als Suchmaschinen- und SEO-Berater f\u00fcr den \u00f6ffentlichen Dienst, Universit\u00e4ten, Bibliotheken und E-Commerce Handelsgesellschaften.", 
        "mobile": null, 
        "name": "Michael Christen", 
        "organisation": "Yacy", 
        "photo": "https://raw.githubusercontent.com/OpenTechSummit/2016.opentechsummit.net/gh-pages/programm/speakers/Michael_Christen.jpg", 
        "position": null, 
        "sessions": [
            {
                "id": 4, 
                "title": "Unabh\u00e4ngige eigene Internet-Suche in wenigen Schritten auf dem PC installieren"
            }, 
            {
                "id": 46, 
                "title": "Suchmaschinen der Zukunft"
            }
        ], 
        "short_biography": null, 
        "twitter": "https://twitter.com/yacy_search", 
        "website": "http://yacy.net"
    }, 
    {
        "country": "Deutschlan", 
        "email": "email@domain.com", 
        "facebook": null, 
        "github": "https://github.com/nitrokey", 
        "id": 5, 
        "linkedin": "", 
        "long_biography": "Jan Suhr is the CEO and lead architect of Nitrokey.", 
        "mobile": null, 
        "name": "Jan Suhr", 
        "organisation": "Nitrokey", 
        "photo": "https://raw.githubusercontent.com/OpenTechSummit/2016.opentechsummit.net/gh-pages/programm/speakers/Jan_Suhr.jpg", 
        "position": null, 
        "sessions": [
            {
                "id": 5, 
                "title": "Nitrokey Sicherheits-USB-Stick"
            }
        ], 
        "short_biography": null, 
        "twitter": "https://twitter.com/nitrokey", 
        "website": "https://www.nitrokey.com"
    }, 
    {
        "country": "BER/GER", 
        "email": "email@domain.com", 
        "facebook": null, 
        "github": "/heartsofcode", 
        "id": 6, 
        "linkedin": "", 
        "long_biography": "The Heart of Code is a Berlin based HackSpace for women* advocating diversity in tech. ", 
        "mobile": null, 
        "name": "Cat Spangehl", 
        "organisation": "Heart of Code", 
        "photo": "https://raw.githubusercontent.com/OpenTechSummit/2016.opentechsummit.net/gh-pages/programm/speakers/Cat_Spangehl.jpg", 
        "position": null, 
        "sessions": [
            {
                "id": 6, 
                "title": "Heart Of Code - a hackspace for women* in Berlin"
            }, 
            {
                "id": 31, 
                "title": "Heart Of Code - a hackspace for women* in Berlin"
            }
        ], 
        "short_biography": null, 
        "twitter": "https://twitter.com/@heartsofcode", 
        "website": "http://heartofcode.org"
    }, 
    {
        "country": "Germany", 
        "email": "email@domain.com", 
        "facebook": null, 
        "github": "", 
        "id": 7, 
        "linkedin": "", 
        "long_biography": "Erik Albers ist der Kontakt f\u00fcr Campaigns and Community im Berliner B\u00fcro der FSFE.", 
        "mobile": null, 
        "name": "Erik Albers", 
        "organisation": "Free Software Foundation Europe e.V.", 
        "photo": "https://raw.githubusercontent.com/OpenTechSummit/2016.opentechsummit.net/gh-pages/programm/speakers/Erik_Albers.jpg", 
        "position": null, 
        "sessions": [
            {
                "id": 7, 
                "title": "Free Software Foundation Europe e.V."
            }
        ], 
        "short_biography": null, 
        "twitter": "", 
        "website": "http://fsfe.org"
    }, 
    {
        "country": "Hong Kong", 
        "email": "email@domain.com", 
        "facebook": null, 
        "github": "", 
        "id": 8, 
        "linkedin": "", 
        "long_biography": "TinyBoy is an open design 3D printer. It fits well on a regular computer desk. TinyBoy is designed as an entry-level machine for students and newbies to learn 3D modelling technology and, ultimately, to encourage creative thinking.  Tinyboy 3D printer is ultra-portable by being small. A one-to-one student to printer ratio can be achieved in computer classrooms to maximize the exposure of student to 3D printing technology. Students can also carry the printer around beyond classrooms to engage in their learning activities. On the other hand, it is very usable for education purpose for printing figures, toys and other creations that students like.  Tinyboy is easy to build. Any student can assemble the TinyBoy by just a screw driver. We wish students can make their own machine and become pioneers to help other people. So that the use of 3D printer can be spread to their families and communities.  The process of making can transform education by inviting students to go beyond being consumers of education. They can be a maker of anything, moving from being directed to self-directed through the process.", 
        "mobile": null, 
        "name": "Alvin Lui", 
        "organisation": "Makeomnia Ltd / HKCOTA", 
        "photo": "https://raw.githubusercontent.com/OpenTechSummit/2016.opentechsummit.net/gh-pages/programm/speakers/Alvin_Lui.jpg", 
        "position": null, 
        "sessions": [
            {
                "id": 8, 
                "title": "TinyBoy Project - a 3D printer for education"
            }, 
            {
                "id": 62, 
                "title": "TinyBoy Project - a 3D printer for education"
            }
        ], 
        "short_biography": null, 
        "twitter": "", 
        "website": "http://tinyboy.net"
    }, 
    {
        "country": "Deutschland", 
        "email": "email@domain.com", 
        "facebook": null, 
        "github": "github.com/fluepke", 
        "id": 9, 
        "linkedin": "", 
        "long_biography": "Seit meiner Jugend arbeite ich an verschiedenen Hardware Projekten. Bspw. automatisierte ich die Steuerung meiner Modelleisenbahnanlage oder baute meine eigene Tauchlampe. Derzeit befinde ich mich im zweiten Semster am Hasso-Plattner-Institut in Potsdam. Dort gr\u00fcndete ich au\u00dferdem den \"Makerklub\", in welchem wir uns ebenfalls mit Arduino & Co besch\u00e4ftigen.", 
        "mobile": null, 
        "name": "Fabian L\u00fcpke", 
        "organisation": "Hasso-Plattner-Institut Potsdam", 
        "photo": "https://raw.githubusercontent.com/OpenTechSummit/2016.opentechsummit.net/gh-pages/programm/speakers/Fabian_L\u00fcpke.jpg", 
        "position": null, 
        "sessions": [
            {
                "id": 9, 
                "title": "LED Matrix Display"
            }
        ], 
        "short_biography": null, 
        "twitter": "https://twitter.com/fluepke", 
        "website": "http://rootz.one"
    }, 
    {
        "country": "", 
        "email": "email@domain.com", 
        "facebook": null, 
        "github": "", 
        "id": 10, 
        "linkedin": "", 
        "long_biography": "", 
        "mobile": null, 
        "name": "Christian Obersteiner", 
        "organisation": "Ayab-Knitting", 
        "photo": "https://raw.githubusercontent.com/OpenTechSummit/2016.opentechsummit.net/gh-pages/programm/speakers/Christian_Obersteiner.jpg", 
        "position": null, 
        "sessions": [
            {
                "id": 10, 
                "title": "Maschinenstricken mit Open Source"
            }
        ], 
        "short_biography": null, 
        "twitter": "", 
        "website": ""
    }, 
    {
        "country": "", 
        "email": "email@domain.com", 
        "facebook": null, 
        "github": "", 
        "id": 11, 
        "linkedin": "", 
        "long_biography": "", 
        "mobile": null, 
        "name": "Andreas \"Andz\" M\u00fcller", 
        "organisation": "Ayab-Knitting", 
        "photo": "https://raw.githubusercontent.com/OpenTechSummit/2016.opentechsummit.net/gh-pages/programm/", 
        "position": null, 
        "sessions": [
            {
                "id": 10, 
                "title": "Maschinenstricken mit Open Source"
            }
        ], 
        "short_biography": null, 
        "twitter": "", 
        "website": ""
    }, 
    {
        "country": "USA", 
        "email": "email@domain.com", 
        "facebook": null, 
        "github": "https://github.com/tusuzu", 
        "id": 12, 
        "linkedin": "https://www.linkedin.com/in/susan-spencer-3b502516", 
        "long_biography": "Product developer for Valentina open source pattern drafting software.  Network analyst now open source evangelist.    Looking for programmers: Blender - 3D development, C++  - 'assymetric' pattern features to make patterns for disabled persons. Corporate funding possible. Looking for fashion designers and patternmakers. Looking for translators.  Send email to contact@valentina-project.org ", 
        "mobile": null, 
        "name": "Susan Spencer", 
        "organisation": "Valentina", 
        "photo": "https://raw.githubusercontent.com/OpenTechSummit/2016.opentechsummit.net/gh-pages/programm/speakers/Susan_Spencer.jpg", 
        "position": null, 
        "sessions": [
            {
                "id": 11, 
                "title": "Schnittmuster am PC erstellen mit Valentina / Valentina Digital Pattern Design"
            }, 
            {
                "id": 39, 
                "title": "Valentina digital pattern design"
            }
        ], 
        "short_biography": null, 
        "twitter": "https://twitter.com/@ValentinaPSW", 
        "website": "http://www.valentina-project.org"
    }, 
    {
        "country": "Berlin", 
        "email": "email@domain.com", 
        "facebook": null, 
        "github": "", 
        "id": 13, 
        "linkedin": "", 
        "long_biography": "- born in M\u00fclheim / Ruhr - studied computer science in Bielefeld and Berlin - interested in machine learning, computer vision and neuroscience - passionately working on neurofeedback software in recent years", 
        "mobile": null, 
        "name": "Konrad Willi D\u00f6ring", 
        "organisation": "Neurofox, Brainduino", 
        "photo": "https://raw.githubusercontent.com/OpenTechSummit/2016.opentechsummit.net/gh-pages/programm/speakers/Konrad Willi_D\u00f6ring.jpg", 
        "position": null, 
        "sessions": [
            {
                "id": 12, 
                "title": "PC mit Gedanken steuern - Brain-Computer Interfaces"
            }, 
            {
                "id": 34, 
                "title": "Computer mit Gehirn steuern - Brain-Computer Interfaces"
            }
        ], 
        "short_biography": null, 
        "twitter": "", 
        "website": "http://www.neurofox.com"
    }, 
    {
        "country": "", 
        "email": "email@domain.com", 
        "facebook": null, 
        "github": "", 
        "id": 14, 
        "linkedin": "", 
        "long_biography": "Nora Al-Badri is a multi-disciplinary artist with a German-Iraqi background working in different mediums such as sculpture and installation, photography and film. Her pieces deal with issues arising through hegemonic and neocolonial power structures and representations between the so called global South and North as well as with the various faces of war. Al-Badri lives and works in Berlin. She studied political sciences at Johann Wolfgang Goethe University in Frankfurt/Main and visual communications at Offenbach University of Art and Design. Her works got granted by several institutions like Goethe-Institut, Institut f\u00fcr Auslandsbeziehungen (IfA), German Federal Foreign Office and European Cultural Foundation (ECF). Since 2009 she also collaborates with Jan Nikolai Nelles as a collective.", 
        "mobile": null, 
        "name": "Nora Al-Badri", 
        "organisation": "Nefertiti Hack", 
        "photo": "https://raw.githubusercontent.com/OpenTechSummit/2016.opentechsummit.net/gh-pages/programm/", 
        "position": null, 
        "sessions": [
            {
                "id": 13, 
                "title": "Scan die Nofretete im \u00c4gyptischen Museum / #NefertitiHack and Cultural Commons \"The Other Nefertiti\""
            }, 
            {
                "id": 36, 
                "title": "Hack die Nofretete im \u00c4gyptischen Museum / #NefertitiHack and Cultural Commons \"The Other Nefertiti\""
            }
        ], 
        "short_biography": null, 
        "twitter": "https://twitter.com/noraalbadri", 
        "website": "http://www.nora-al-badri.de"
    }, 
    {
        "country": "herrnelles", 
        "email": "email@domain.com", 
        "facebook": null, 
        "github": "", 
        "id": 15, 
        "linkedin": "", 
        "long_biography": "Jan Nikolai Nelles is a multi-disciplinary artist based in Berlin. He graduated from Offenbach University of Art and Design in 2011. \u2028\u2028His work oscillates between visual and media art. In the past he founded an independent art gallery in Offenbach, Germany, and co-founded a photography magazine. Since 2009, he also collaborates with Nora Al-Badri on several artistic interventions.", 
        "mobile": null, 
        "name": "Jan Nikolai Nelles", 
        "organisation": "Nefertiti Hack", 
        "photo": "https://raw.githubusercontent.com/OpenTechSummit/2016.opentechsummit.net/gh-pages/programm/speakers/Jan Nikolai_Nelles.jpg", 
        "position": null, 
        "sessions": [
            {
                "id": 13, 
                "title": "Scan die Nofretete im \u00c4gyptischen Museum / #NefertitiHack and Cultural Commons \"The Other Nefertiti\""
            }, 
            {
                "id": 36, 
                "title": "Hack die Nofretete im \u00c4gyptischen Museum / #NefertitiHack and Cultural Commons \"The Other Nefertiti\""
            }
        ], 
        "short_biography": null, 
        "twitter": "https://twitter.com/nextnikolai", 
        "website": "http://oszilat.com"
    }, 
    {
        "country": "Germany", 
        "email": "email@domain.com", 
        "facebook": null, 
        "github": "", 
        "id": 16, 
        "linkedin": "", 
        "long_biography": "Musiker und freier Softwarehacker mit langj\u00e4hriger Berufserfahrung als GNU / Linux Systemadministrator (zur Zeit am Max-Delbr\u00fcck-Centrum). Unterst\u00fctzer des GNU-Projekts, Mitglied der FSFE, Contributor bei GNU Guix.", 
        "mobile": null, 
        "name": "Ricardo Wurmus", 
        "organisation": "GNU Project", 
        "photo": "https://raw.githubusercontent.com/OpenTechSummit/2016.opentechsummit.net/gh-pages/programm/speakers/Ricardo_Wurmus.jpg", 
        "position": null, 
        "sessions": [
            {
                "id": 14, 
                "title": "Functional package management with GNU Guix"
            }
        ], 
        "short_biography": null, 
        "twitter": "", 
        "website": "http://elephly.net"
    }, 
    {
        "country": "Germany", 
        "email": "email@domain.com", 
        "facebook": null, 
        "github": "https://github.com/jdittrich", 
        "id": 17, 
        "linkedin": "https://de.linkedin.com/in/jandittrich", 
        "long_biography": "Jan is an UX Designer and User Researcher. His current focus is making research on user needs and motivations easier for small design teams. He contributes to open source projects like RKWard, Etherpad and quickMockup.   When not dealing with Design and Research, Jan enjoys playing guitar and reading books on neuroscience.", 
        "mobile": null, 
        "name": "Jan Dittrich", 
        "organisation": "OpenTech Designer", 
        "photo": "https://raw.githubusercontent.com/OpenTechSummit/2016.opentechsummit.net/gh-pages/programm/speakers/Jan_Dittrich.jpg", 
        "position": null, 
        "sessions": [
            {
                "id": 15, 
                "title": "Workshop Paper Prototyping"
            }, 
            {
                "id": 29, 
                "title": "In praise of workarounds"
            }
        ], 
        "short_biography": null, 
        "twitter": "https://twitter.com/@simulo", 
        "website": "http://www.fordes.de"
    }, 
    {
        "country": "Germany", 
        "email": "email@domain.com", 
        "facebook": null, 
        "github": "", 
        "id": 18, 
        "linkedin": "", 
        "long_biography": "Studierte in Heidelberg, Bremen und Mexiko-Stadt Geografie und an der Universit\u00e4t Rostock den Masterstudiengang Medienbildung, arbeitet selbstst\u00e4ndig in der Medienp\u00e4dagogik und in den Bereichen: Bildung in virtuellen R\u00e4umen, E-Learning und Bildungsportale. Sie initiierte und hat die Leitung des Webportals \u201ezeitzeugengeschichte.de\u201c inne. Sie entwickelt Projekte, gibt Radio- und Computerworkshops und arbeitet mit Jugendlichen und Erwachsenen. Ihre Themen sind Nationalsozialismus \u2013 Zeitzeugenarbeit (zeitgen\u00f6ssische Geschichte), Rechtsextremismus, Diversity bzw. Migration, Entwicklungszusammenarbeit und Umweltschutz.", 
        "mobile": null, 
        "name": "Birgit Marzinka", 
        "organisation": "Metaversa e.V.", 
        "photo": "https://raw.githubusercontent.com/OpenTechSummit/2016.opentechsummit.net/gh-pages/programm/speakers/Birgit_Marzinka.jpg", 
        "position": null, 
        "sessions": [
            {
                "id": 16, 
                "title": "Roboter mit Scratch und Blockly programmieren"
            }
        ], 
        "short_biography": null, 
        "twitter": "", 
        "website": "http://www.metaversa.de"
    }, 
    {
        "country": "Germany", 
        "email": "email@domain.com", 
        "facebook": null, 
        "github": "", 
        "id": 19, 
        "linkedin": "", 
        "long_biography": "Daniel Abma, geboren 1978 in Westerbork, Studium der Grundschulp\u00e4dagogik in den Niederlanden. Seit 2004 als freiberuflicher Medienp\u00e4dagoge t\u00e4tig in Berlin und Brandenburg, Arbeitsschwerpunkte: NS-ZeitzeugInnen, Rechtsextremismus gestern und heute, Geschlechterbilder. Mitarbeit an zeitgeschichtlichen Dokumentationen (Arte/SWR) und Sch\u00fclerfernsehen in den Niederlanden. Aktuell Student der \u201eFilm- und Fernsehregie\u201c an der Hochschule f\u00fcr Film und Fernsehen \u201eKonrad Wolf\u201c in Potsdam.", 
        "mobile": null, 
        "name": "Daniel Abma", 
        "organisation": "Metaversa e.V.", 
        "photo": "https://raw.githubusercontent.com/OpenTechSummit/2016.opentechsummit.net/gh-pages/programm/speakers/Daniel_Abma.jpg", 
        "position": null, 
        "sessions": [
            {
                "id": 16, 
                "title": "Roboter mit Scratch und Blockly programmieren"
            }
        ], 
        "short_biography": null, 
        "twitter": "", 
        "website": "http://www.metaversa.de"
    }, 
    {
        "country": "Germany", 
        "email": "email@domain.com", 
        "facebook": null, 
        "github": "", 
        "id": 20, 
        "linkedin": "", 
        "long_biography": "Kulturwissenschaftlerin und Erzieherin mit den Schwerpunkten Medienp\u00e4dagogik, Interkulturelle und Gendersensible Arbeit.  Koordinatorin des Medienkompetenzzentrums Tempelhof-Sch\u00f6neberg, sowie jahrelange T\u00e4tigkeit im Medienkompetenzzentrum Neuk\u00f6lln. Durchf\u00fchrung von Workshops und Projekttagen an Berliner Schulen, Fortbildungen f\u00fcr Eltern, Lehrer_innen und Multiplikator_inne", 
        "mobile": null, 
        "name": "Jenny Roberts", 
        "organisation": "Metaversa e.V.", 
        "photo": "https://raw.githubusercontent.com/OpenTechSummit/2016.opentechsummit.net/gh-pages/programm/speakers/Jenny_Roberts.jpg", 
        "position": null, 
        "sessions": [
            {
                "id": 16, 
                "title": "Roboter mit Scratch und Blockly programmieren"
            }
        ], 
        "short_biography": null, 
        "twitter": "", 
        "website": "http://www.metaversa.de"
    }, 
    {
        "country": "Germany", 
        "email": "email@domain.com", 
        "facebook": null, 
        "github": "", 
        "id": 21, 
        "linkedin": "", 
        "long_biography": "Jahrgang 1979. Abgeschlossenes Studium der Sozial- und Theaterp\u00e4dagogik. Sozialp\u00e4dagogische T\u00e4tigkeiten in Witten (Ruhrgebiet), Berlin und Brandenburg. Theater- und Filmprojekte mit Kindern, Jugendlichen und jungen Erwachsenen (z.B. KITA-und Hortkinder, lernbehinderte Azubis, Pflegekinder aus NYC, Strafgefangene). Schwerpunktthemen: Gewalt, Rechtsextremismus, M\u00e4nner-und Frauenbilder, deutsche Geschichte. Ensemblemitglied bei Theaterspiel. Seit 2008 freiberufliche Schauspielerin, Theater- und Medienp\u00e4dagogin. Homepage: www.theater-machen.de Homepage: www.kamerakultur.de Homepage: www.theater-spiel.de", 
        "mobile": null, 
        "name": "Kirsten Mohri", 
        "organisation": "Metaversa e.V.", 
        "photo": "https://raw.githubusercontent.com/OpenTechSummit/2016.opentechsummit.net/gh-pages/programm/speakers/Kirsten_Mohri.jpg", 
        "position": null, 
        "sessions": [
            {
                "id": 16, 
                "title": "Roboter mit Scratch und Blockly programmieren"
            }
        ], 
        "short_biography": null, 
        "twitter": "", 
        "website": "http://www.metaversa.de"
    }, 
    {
        "country": "Germany", 
        "email": "email@domain.com", 
        "facebook": null, 
        "github": "https://github.com/CoderDojoPotsdam", 
        "id": 22, 
        "linkedin": "", 
        "long_biography": "OTS was born in April of 2012 in Berlin. The first local RailsGirls event \u2014 a free tech workshop with freshly created learning material dedicated to an audience of women of all ages and backgrounds during a both thrilling and cosy weekend \u2014 had just taken place, and had created much admiration and enthusiasm in its wake.  Why not expand the concept to all tech topics people might possibly want to learn and open the events to an audience of all genders and experience levels? The challenge couldn\u2019t be greater. Since then, hundreds of people have joined OTS as coaches, learners, organizers, and sponsors, in Berlin, Stockholm, and soon: even in more new cities (yours!).  OpenTechSchool is a movement aiming to offer free tech education. Our events are open to technology enthusiasts of all genders, backgrounds, and experience levels, willing to coach or learn in a friendly environment. Our learning material is shared and collectively improved by the online community and anyone is welcome to use it to organize new OTS chapters anywhere in the world.", 
        "mobile": null, 
        "name": "Nicco Kunzmann", 
        "organisation": "Coder Dojo Potsdam/OpenTechSchool", 
        "photo": "https://raw.githubusercontent.com/OpenTechSummit/2016.opentechsummit.net/gh-pages/programm/", 
        "position": null, 
        "sessions": [
            {
                "id": 17, 
                "title": "Arduino Programmierung f\u00fcr Einsteiger mit CoderDojo und OpenTechSchool "
            }, 
            {
                "id": 20, 
                "title": "Python Programmieren f\u00fcr Anf\u00e4nger"
            }, 
            {
                "id": 77, 
                "title": "CoderDojo"
            }
        ], 
        "short_biography": null, 
        "twitter": "https://twitter.com/@DojoPotsdam", 
        "website": "http://zen.coderdojo.com/dojo/861"
    }, 
    {
        "country": "Germany", 
        "email": "email@domain.com", 
        "facebook": null, 
        "github": "https://github.com/swkBerlin", 
        "id": 23, 
        "linkedin": "", 
        "long_biography": "Die Softwerkskammer Berlin ist die Berliner Lokalgruppe der weltweiten Software Craftsmanship Bewegung, die sich zum Ziel gesetzt hat, IT-Professionals eine Community zu geben, in der das gegenseitige Lernen im Vordergrund steht. Die Softwerkskammer trifft sich mindestens einmal im Monat zu gemeinsamen Workshops, Diskussionen und Vortr\u00e4gen.  Raimo Radczewski (@rradczewski) ist Software Engineer bei @vaamo und freiberuflicher Coach und Trainer f\u00fcr Pair Programming, TDD und JavaScript", 
        "mobile": null, 
        "name": "Raimo, Radczewski", 
        "organisation": "Softwerkskammer Berlin \u2013 Software Craftsmanship Community", 
        "photo": "https://raw.githubusercontent.com/OpenTechSummit/2016.opentechsummit.net/gh-pages/programm/speakers/Raimo, _Radczewski.jpg", 
        "position": null, 
        "sessions": [
            {
                "id": 18, 
                "title": "Coding Dojo"
            }, 
            {
                "id": 25, 
                "title": "Coding Dojo"
            }
        ], 
        "short_biography": null, 
        "twitter": "https://twitter.com/@swkBerlin", 
        "website": "http://swkberlin.de"
    }, 
    {
        "country": "Germany", 
        "email": "email@domain.com", 
        "facebook": null, 
        "github": "https://github.com/swkBerlin", 
        "id": 24, 
        "linkedin": "", 
        "long_biography": "Die Softwerkskammer Berlin ist die Berliner Lokalgruppe der weltweiten Software Craftsmanship Bewegung, die sich zum Ziel gesetzt hat, IT-Professionals eine Community zu geben, in der das gegenseitige Lernen im Vordergrund steht. Die Softwerkskammer trifft sich mindestens einmal im Monat zu gemeinsamen Workshops, Diskussionen und Vortr\u00e4gen.  Markus Decke (@mrksdck) ist Software Engineer bei idealo internet GmbH.", 
        "mobile": null, 
        "name": "Markus Decke", 
        "organisation": "Softwerkskammer Berlin \u2013 Software Craftsmanship Community", 
        "photo": "https://raw.githubusercontent.com/OpenTechSummit/2016.opentechsummit.net/gh-pages/programm/", 
        "position": null, 
        "sessions": [
            {
                "id": 18, 
                "title": "Coding Dojo"
            }, 
            {
                "id": 25, 
                "title": "Coding Dojo"
            }
        ], 
        "short_biography": null, 
        "twitter": "https://twitter.com/@swkBerlin", 
        "website": "http://swkberlin.de"
    }, 
    {
        "country": "Europe", 
        "email": "email@domain.com", 
        "facebook": null, 
        "github": "https://github.com/jospoortvliet", 
        "id": 25, 
        "linkedin": "", 
        "long_biography": "People person, technology enthusiast and all-things-open evangelist. Previously community manager at SUSE and now at ownCloud while continuing an decade long involvement in the KDE community. Enjoys avoiding traffic and public transport on bike through Berlin, but only when the weather is good. Loves cooking for friends and family and playing with our dog. https://github.com/jospoortvliet  | http://twitter.com/jospoortvliet", 
        "mobile": null, 
        "name": "Jos Poortvliet", 
        "organisation": "ownCloud", 
        "photo": "https://raw.githubusercontent.com/OpenTechSummit/2016.opentechsummit.net/gh-pages/programm/speakers/Jos _Poortvliet.jpg", 
        "position": null, 
        "sessions": [
            {
                "id": 19, 
                "title": "Let's set up our ownCloud with Jos Poortvliet at the OpenTechSummit"
            }
        ], 
        "short_biography": null, 
        "twitter": "https://twitter.com/jospoortvliet", 
        "website": "http://blog.jospoortvliet.com"
    }, 
    {
        "country": "Germany", 
        "email": "email@domain.com", 
        "facebook": null, 
        "github": "https://github.com/reifenwechsler", 
        "id": 26, 
        "linkedin": "", 
        "long_biography": "Jenz Steiner is hosting a couple of radio shows on Berlins free station Piradio, Radio Corax in Halle and Radio fsk in Hamburg. He is into anything related to podcast, radio, grassroots journalism and experimental music formats. As a media coach he shows people how to mache  difficult things real easy and motivates them to become the media.", 
        "mobile": null, 
        "name": "Jenz Steiner", 
        "organisation": "Piradio - Sender Berlin", 
        "photo": "https://raw.githubusercontent.com/OpenTechSummit/2016.opentechsummit.net/gh-pages/programm/speakers/Jenz_Steiner.jpg", 
        "position": null, 
        "sessions": [
            {
                "id": 21, 
                "title": "Eigene Radiosendungen machen im 60-minutes Beginner Crash Course mit Audacity / Fast podcast production with audacity"
            }, 
            {
                "id": 26, 
                "title": "Connecting Syrian refugees"
            }
        ], 
        "short_biography": null, 
        "twitter": "https://twitter.com/reifenwechsler", 
        "website": "http://www.piradio.de"
    }, 
    {
        "country": "Germany", 
        "email": "email@domain.com", 
        "facebook": null, 
        "github": "", 
        "id": 27, 
        "linkedin": "", 
        "long_biography": "Ulrike is part of the open data community Code for Germany and has been active in the Berlin OK Lab for more than 2 years now. Since November 2015, she has been working on metacollect as a project manager. ", 
        "mobile": null, 
        "name": "Ulrike Thalheim", 
        "organisation": "metacollect", 
        "photo": "https://raw.githubusercontent.com/OpenTechSummit/2016.opentechsummit.net/gh-pages/programm/speakers/Ulrike_Thalheim.jpg", 
        "position": null, 
        "sessions": [
            {
                "id": 22, 
                "title": "metacollect - an open data service for refugee & integration projects"
            }, 
            {
                "id": 27, 
                "title": "metacollect - an open data service for refugee & integration projects"
            }
        ], 
        "short_biography": null, 
        "twitter": "https://twitter.com/metacollect", 
        "website": "http://metacollect.org"
    }, 
    {
        "country": "Germany", 
        "email": "email@domain.com", 
        "facebook": null, 
        "github": "https://github.com/Midnighter", 
        "id": 28, 
        "linkedin": "https://www.linkedin.com/in/moritz-beber-b597a55a", 
        "long_biography": "PhDj in bioinformatics, data analysist, interested in using information for positive public impact and shaping project leadership decisions.", 
        "mobile": null, 
        "name": "Moritz Beber", 
        "organisation": "metacollect", 
        "photo": "https://raw.githubusercontent.com/OpenTechSummit/2016.opentechsummit.net/gh-pages/programm/speakers/Moritz_Beber.jpg", 
        "position": null, 
        "sessions": [
            {
                "id": 22, 
                "title": "metacollect - an open data service for refugee & integration projects"
            }, 
            {
                "id": 27, 
                "title": "metacollect - an open data service for refugee & integration projects"
            }
        ], 
        "short_biography": null, 
        "twitter": "", 
        "website": "http://metacollect.org"
    }, 
    {
        "country": "Canada / Germany / South Sudan", 
        "email": "email@domain.com", 
        "facebook": null, 
        "github": "", 
        "id": 29, 
        "linkedin": "", 
        "long_biography": "Stephen Kovats is founding director of r0g_agency for open culture & critical transformation, a non-profit organisation that applies open source and empowerment technologies for sustainable development in post-conflict and rapid transformation regions. Previously artistic director of transmediale, Berlin's festival for art and digital culture, his current work includes the #DefyHateNow initiative on mitigating social media hate speech and directed online incitement to violence, the Step-Up program for helping develop jHUB - the Juba Open Knowledge and Innovation Hub, and the #peacehackcamp. Tweet him @intertwilight", 
        "mobile": null, 
        "name": "Stephen Kovats", 
        "organisation": "r0g_agency for open culture gGmbH", 
        "photo": "https://raw.githubusercontent.com/OpenTechSummit/2016.opentechsummit.net/gh-pages/programm/speakers/Stephen_Kovats.jpg", 
        "position": null, 
        "sessions": [
            {
                "id": 23, 
                "title": "#peacehackcamp @jHUB_Juba"
            }, 
            {
                "id": 35, 
                "title": "#peacehackcamp @jHUB_Juba"
            }
        ], 
        "short_biography": null, 
        "twitter": "https://twitter.com/@intertwilight", 
        "website": "http://openculture.agency"
    }, 
    {
        "country": "", 
        "email": "email@domain.com", 
        "facebook": null, 
        "github": "", 
        "id": 30, 
        "linkedin": "", 
        "long_biography": "Mbisimo Emmanuel Victor is a 23-year-old South Sudanese national who graduated in the field of Information Technology in Bugema University. He attended both the #Peacehackcamp project ICT & Video Activism Trainings at Kapital Movie, after which became one of the core team of the Kapital Community as the IT Specialist and Web Administrator. As a young enthusiast who likes doing things by his own and like learning new skills every day, he takes the initiative to improve on his web and app development career. As such he's also interested in blogging, to participate in educational forums and social networking platforms and deliver sound commentaries, unbiased opinions and non-destructive views. He is part of initial 'pioneers' team of the jHUB - the Juba Open Knowledge and Innovation Hub, taking up the challenge of being its first Community Manager.", 
        "mobile": null, 
        "name": "Mbisimo Emmanuel", 
        "organisation": "Peace Hack Camp", 
        "photo": "https://raw.githubusercontent.com/OpenTechSummit/2016.opentechsummit.net/gh-pages/programm/speakers/Mbisimo _Emmanuel.jpg", 
        "position": null, 
        "sessions": [
            {
                "id": 23, 
                "title": "#peacehackcamp @jHUB_Juba"
            }, 
            {
                "id": 35, 
                "title": "#peacehackcamp @jHUB_Juba"
            }
        ], 
        "short_biography": null, 
        "twitter": "https://twitter.com/@GvmbADevo", 
        "website": "http://jubahub.org/"
    }, 
    {
        "country": "Belgium", 
        "email": "email@domain.com", 
        "facebook": null, 
        "github": "https://github.com/tass-belgium/picotcp", 
        "id": 31, 
        "linkedin": "", 
        "long_biography": "Toon is not your everyday engineer. With his passion for technology and enthusiasm for interesting projects, he can truly bring a project to the next level. All while having loads of fun.  Skill-wise, Toon has experience in Embedded software and Electronics, but also marketing, offer development and even recruiting. In short: An all-rounder", 
        "mobile": null, 
        "name": "Toon Peters", 
        "organisation": "Altran", 
        "photo": "https://raw.githubusercontent.com/OpenTechSummit/2016.opentechsummit.net/gh-pages/programm/speakers/Toon_Peters.jpg", 
        "position": null, 
        "sessions": [
            {
                "id": 24, 
                "title": "Let's get a network version of the snake game running using picoTCP on a Cortex M3"
            }, 
            {
                "id": 38, 
                "title": "picoTCP"
            }
        ], 
        "short_biography": null, 
        "twitter": "https://twitter.com/@picotcp", 
        "website": "http://www.picotcp.com"
    }, 
    {
        "country": "Vietnam", 
        "email": "email@domain.com", 
        "facebook": null, 
        "github": "github.com/hpdang", 
        "id": 32, 
        "linkedin": "https://www.linkedin.com/in/hongphucdang", 
        "long_biography": "Hong Phuc, originally from Vietnam, has lived in the US, Singapore and Dubai. She is the founder of FOSSASIA, an initiative in Asia bringing together an inspiring community across borders and ages to form a better future with Open Technologies and ICT. Hong Phuc organizes the FOSSASIA summit, the largest annual Open Tech developer meetup in Asia since 2009 and puts together Science Hack days across the region in Vietnam, Dubai and China. She is also responsible for online coding programs with partners including Google Code-In where she works every year with more than 1000 young developers from the age of 12-17 years old to join and collaborate with Open Source projects and learn about best practices. URL: http://sciencehack.asia | http://fossasia.org", 
        "mobile": null, 
        "name": "Hong Phuc Dang", 
        "organisation": "FOSSASIA", 
        "photo": "https://raw.githubusercontent.com/OpenTechSummit/2016.opentechsummit.net/gh-pages/programm/speakers/Hong Phuc_Dang.jpg", 
        "position": null, 
        "sessions": [
            {
                "id": 28, 
                "title": "Open Source Movement In Asia"
            }, 
            {
                "id": 48, 
                "title": "The Power of Open"
            }
        ], 
        "short_biography": null, 
        "twitter": "https://twitter.com/hpdang", 
        "website": "http://fossasia.org"
    }, 
    {
        "country": "Germany", 
        "email": "email@domain.com", 
        "facebook": null, 
        "github": "", 
        "id": 33, 
        "linkedin": "", 
        "long_biography": "Lisa is an Anthropologist. She is interested in why people do what they do. ", 
        "mobile": null, 
        "name": "Lisa Conrad", 
        "organisation": "Anthropologist", 
        "photo": "https://raw.githubusercontent.com/OpenTechSummit/2016.opentechsummit.net/gh-pages/programm/", 
        "position": null, 
        "sessions": [
            {
                "id": 29, 
                "title": "In praise of workarounds"
            }
        ], 
        "short_biography": null, 
        "twitter": "", 
        "website": "http://www.fordes.de"
    }, 
    {
        "country": "Haiti-Germany", 
        "email": "email@domain.com", 
        "facebook": null, 
        "github": "https://github.com/CoperturaIvers", 
        "id": 34, 
        "linkedin": "https://de.linkedin.com/in/iversp", 
        "long_biography": "Ivers, originally from Haiti but resides in Germany for 7 years, Founder and CEO of Copertura Label, a 2 co-branded lines of fashion Tempo Libero for casuals and Sports and Wearable for fashion tech. Actual Regional Business Development Manager in Deliveryhero.com, the largest online food ordering platform worldwide. ", 
        "mobile": null, 
        "name": "Ivers Yves Pierre", 
        "organisation": "Copertura Label", 
        "photo": "https://raw.githubusercontent.com/OpenTechSummit/2016.opentechsummit.net/gh-pages/programm/speakers/Ivers Yves_Pierre.jpg", 
        "position": null, 
        "sessions": [
            {
                "id": 30, 
                "title": "Raising money without VC"
            }
        ], 
        "short_biography": null, 
        "twitter": "https://www.twitter.com/Iversps", 
        "website": "http://www.coperturalabel.com"
    }, 
    {
        "country": "Germany", 
        "email": "email@domain.com", 
        "facebook": null, 
        "github": "https://github.com/supernoir", 
        "id": 35, 
        "linkedin": "", 
        "long_biography": "I am a Senior UI/UX Designer slowly morphing into a Web Frontend Developer. I write JavaScript (Angular/React) but also Ruby (RoR) and am fascinated by CSS Preprocessors. I <3 Hard Science Fiction, Slow Food, Graphic Novels and Human Languages.", 
        "mobile": null, 
        "name": "Conny Kawohl", 
        "organisation": "Heart of Code", 
        "photo": "https://raw.githubusercontent.com/OpenTechSummit/2016.opentechsummit.net/gh-pages/programm/speakers/Conny_Kawohl.jpg", 
        "position": null, 
        "sessions": [
            {
                "id": 32, 
                "title": "Get Sassy!"
            }
        ], 
        "short_biography": null, 
        "twitter": "https://twitter.com/ckawohl", 
        "website": "http://heartofcode.org"
    }, 
    {
        "country": "Deutschland", 
        "email": "email@domain.com", 
        "facebook": null, 
        "github": "", 
        "id": 36, 
        "linkedin": "", 
        "long_biography": "Stefan is a dedicated and experienced IT professional with a passion for, but no limitation to, Free Software.", 
        "mobile": null, 
        "name": "Stefan Koehler", 
        "organisation": "Flowedoo", 
        "photo": "https://raw.githubusercontent.com/OpenTechSummit/2016.opentechsummit.net/gh-pages/programm/speakers/Stefan_Koehler.jpg", 
        "position": null, 
        "sessions": [
            {
                "id": 33, 
                "title": "Netze f\u00fcr Vielfalt"
            }
        ], 
        "short_biography": null, 
        "twitter": "", 
        "website": "http://flowedoo.de"
    }, 
    {
        "country": "", 
        "email": "email@domain.com", 
        "facebook": null, 
        "github": "", 
        "id": 37, 
        "linkedin": "", 
        "long_biography": "", 
        "mobile": null, 
        "name": "OpenTechSummit 2016", 
        "organisation": "", 
        "photo": "https://raw.githubusercontent.com/OpenTechSummit/2016.opentechsummit.net/gh-pages/programm/", 
        "position": null, 
        "sessions": [
            {
                "id": 37, 
                "title": "Welcome in Berlin!"
            }
        ], 
        "short_biography": null, 
        "twitter": "", 
        "website": ""
    }, 
    {
        "country": "Deutschland", 
        "email": "email@domain.com", 
        "facebook": null, 
        "github": "https://github.com/mariushoch", 
        "id": 38, 
        "linkedin": "", 
        "long_biography": "Marius Hoch is software developer at Wikimedia Deutschland e.V. and a contributor to the Wikidata project since 2012. ", 
        "mobile": null, 
        "name": "Marius Hoch", 
        "organisation": "Wikimedia Deutschland e.V.", 
        "photo": "https://raw.githubusercontent.com/OpenTechSummit/2016.opentechsummit.net/gh-pages/programm/speakers/Marius_Hoch.jpg", 
        "position": null, 
        "sessions": [
            {
                "id": 40, 
                "title": "Mining the knowledge of the world with Wikidata"
            }
        ], 
        "short_biography": null, 
        "twitter": "https://twitter.com/wikidata", 
        "website": "https://www.wikidata.org/"
    }, 
    {
        "country": "USA", 
        "email": "email@domain.com", 
        "facebook": null, 
        "github": "http://github.com/YupItsZac", 
        "id": 39, 
        "linkedin": "http://linkedin.com/in/yupitszac", 
        "long_biography": "Zac has learned his first two development languages at age 9 when he became curious about computers. Now, at age 21, he builds scalable web based applications for a company in Berlin. Zac uses his knowledge, experience, and desire to learn as a tool to excite engineers about the crucial role open technologies play in shaping the future of the computing industry. ", 
        "mobile": null, 
        "name": "Zac Brown", 
        "organisation": "FreeGeo API", 
        "photo": "https://raw.githubusercontent.com/OpenTechSummit/2016.opentechsummit.net/gh-pages/programm/speakers/Zac_Brown.jpg", 
        "position": null, 
        "sessions": [
            {
                "id": 41, 
                "title": "FreeGeo API: What, Why & How"
            }
        ], 
        "short_biography": null, 
        "twitter": "https://twitter.com/@YupItsZac", 
        "website": "http://yupitszac.com"
    }, 
    {
        "country": "Germany", 
        "email": "email@domain.com", 
        "facebook": null, 
        "github": "https://github.com/tursics", 
        "id": 40, 
        "linkedin": "http://www.linkedin.com/in/thomastursics", 
        "long_biography": "Als gelernter Softwareentwickler arbeite ich seit Jahren an kleinen und gro\u00dfen Projekten mit. In meiner Freizeit nutze ich dieses Wissen, um aus offenen Daten vielf\u00e4ltige Anwendungen zu erstellen. Ich treibe mich des \u00f6fteren auf Hackathons rum und erz\u00e4hle jedem der mir zuh\u00f6rt, wie toll dieses Open Data ist.", 
        "mobile": null, 
        "name": "Thomas Tursics", 
        "organisation": "Code for Berlin", 
        "photo": "https://raw.githubusercontent.com/OpenTechSummit/2016.opentechsummit.net/gh-pages/programm/speakers/Thomas_Tursics.jpg", 
        "position": null, 
        "sessions": [
            {
                "id": 42, 
                "title": "Open Data f\u00fcr Dummies - oder - Wie nutze ich offene Daten"
            }
        ], 
        "short_biography": null, 
        "twitter": "https://twitter.com/@tursics", 
        "website": "http://www.tursics.de/projects/"
    }, 
    {
        "country": "", 
        "email": "email@domain.com", 
        "facebook": null, 
        "github": "", 
        "id": 41, 
        "linkedin": "", 
        "long_biography": "Alexander Loibl kam 1997 zur IBM und startete in verschiedenen IBM Vertriebs- & Marketing Positionen f\u00fcr die IBM SWG & GTS Services. 2006 wechselte er zur IBM Server and Technology Group in das IBM i (AS/400) Power Platform Team, verantwortlich f\u00fcr die IBM i Neukundengewinnung als IBM System i Platform Brand Sales. Darauf folgten verantwortliche Postionen innerhalb der Power Platform als IBM i Platform-Leader, IBM Platform Leader SAP on IBM i, IBM Platform Leader SAP on Power Systems und Platform Sales Leader Power Systems, welche die Ausbildung und Abschlu\u00df als Certified Expert - IBM Power Systems beinhaltete. Ab 2014 \u00dcbernahme der Betreuung der Distributoren in D-A-CH f\u00fcr Power Systems mit dem Schwerpunkt Linux on Power, IBM CAMSS Solutions, SAP HANA on Power und die damit verbundene Power Platform Strategie und Abstimmung mit SAP Channel.  Seine derzeitige Verantwortung als Channel Sales Manager IBM Cleversafe beinhaltet die Intergration, strategische Ausrichtung und Umsetzung der Channel Sales Business Development Ziele von IBM Cleversafe f\u00fcr Nord-Ost Europa.  Kurz Bio:     \"Flexible, scalable, simple and ready for the future...\" Sind das nur Schlagworte oder mu\u00df die \"Open World\" immer offen sein? Wir sagen Ja! ...aber nicht zu jedem Preis und Verlust geistigen Eigentums. Mit der Technologie von Open Storage Services werden wir in die \"Open Cloud\" Dienste integriert. Offenheit hei\u00dft offen sein, um L\u00f6sungen zu finden, einen Bedarf zu ermitteln und Bed\u00fcrfnisse zu schaffen. Ob sie ein Start-up sind oder ein bestehendes Unternehmen - bleiben sie offen - Open your mind.", 
        "mobile": null, 
        "name": "Alexander Loibl", 
        "organisation": "IBM", 
        "photo": "https://raw.githubusercontent.com/OpenTechSummit/2016.opentechsummit.net/gh-pages/programm/speakers/Alexander_Loibl.jpg", 
        "position": null, 
        "sessions": [
            {
                "id": 43, 
                "title": "IBM OPEN YOUR MIND - Welcome to IBM Cloud Object Storage"
            }, 
            {
                "id": 48, 
                "title": "The Power of Open"
            }
        ], 
        "short_biography": null, 
        "twitter": "", 
        "website": "http://ibm.com"
    }, 
    {
        "country": "", 
        "email": "email@domain.com", 
        "facebook": null, 
        "github": "", 
        "id": 42, 
        "linkedin": "", 
        "long_biography": "", 
        "mobile": null, 
        "name": "Lightning Talkers", 
        "organisation": "OpenTechSummit", 
        "photo": "https://raw.githubusercontent.com/OpenTechSummit/2016.opentechsummit.net/gh-pages/programm/", 
        "position": null, 
        "sessions": [
            {
                "id": 44, 
                "title": "Kurzvortr\u00e4ge"
            }
        ], 
        "short_biography": null, 
        "twitter": "", 
        "website": ""
    }, 
    {
        "country": "Singapore", 
        "email": "email@domain.com", 
        "facebook": null, 
        "github": "http://github.com/juslee", 
        "id": 43, 
        "linkedin": "http://linkedin.com/in/triplez", 
        "long_biography": "Justin Lee has been a developer since young, dabbling in everything from C++ to C#, from web development to mobile development. He graduated from University of Waterloo, Bachelor in Computer Science (BCS) with Honours. He\u2019s also an active contributor to the technical community, organising community-led events like GeekcampSG and FOSSASIA. ", 
        "mobile": null, 
        "name": "Justin Lee", 
        "organisation": "FOSSASIA", 
        "photo": "https://raw.githubusercontent.com/OpenTechSummit/2016.opentechsummit.net/gh-pages/programm/speakers/Justin_Lee.jpg", 
        "position": null, 
        "sessions": [
            {
                "id": 45, 
                "title": "Introduction to Hyperledger"
            }
        ], 
        "short_biography": null, 
        "twitter": "https://twitter.com/triplez82", 
        "website": "http://justinlee.sg"
    }, 
    {
        "country": "UK", 
        "email": "email@domain.com", 
        "facebook": null, 
        "github": "https://github.com/rgrp", 
        "id": 44, 
        "linkedin": "", 
        "long_biography": "Leading academic of the European open data movement. Rufus Pollock (born 1980) is an economist and founder of Open Knowledge. He is a Shuttleworth Foundation alumnus, an Associate of the Centre for Intellectual Property and Information Law at the University of Cambridge and President of Open Knowledge which he co-founded (as the Open Knowledge Foundation) in 2004 and served as a board director until 2013.  On 24 May 2004 Pollock founded in Cambridge, UK the Open Knowledge Foundation as a global non-profit network that promotes and shares information at no charge, including both content and data.  In 2007 and 2009 Pollock published two controversial papers regarding the optimal copyright term, where he proposed based on an economical model with empirically-estimable parameters an optimal duration of only 15 years, significantly shorter than any currently existing copyright term. He has held the Mead Research Fellowship in economics at Emmanuel College, Cambridge.  In 2009, he was credited by web inventor Tim Berners-Lee for starting the Raw Data Now meme.  In 2010 he was appointed as one of the four founding members of the UK Government's Public Sector Transparency Board.", 
        "mobile": null, 
        "name": "Rufus Pollock", 
        "organisation": "Founder Open Knowledge", 
        "photo": "https://raw.githubusercontent.com/OpenTechSummit/2016.opentechsummit.net/gh-pages/programm/speakers/Rufus _Pollock.jpg", 
        "position": null, 
        "sessions": [
            {
                "id": 47, 
                "title": "Making an Open Information Age"
            }, 
            {
                "id": 48, 
                "title": "The Power of Open"
            }
        ], 
        "short_biography": null, 
        "twitter": "", 
        "website": "http://www.rufuspollock.org"
    }, 
    {
        "country": "Deutschland", 
        "email": "email@domain.com", 
        "facebook": null, 
        "github": "https://github.com/jugendhackt", 
        "id": 56, 
        "linkedin": "", 
        "long_biography": "Der Vortrag soll von Teilnehmer_innen, Mentor_innen und Organisator_innen gemeinsam gestaltet werden.", 
        "mobile": null, 
        "name": "Jakob Schade", 
        "organisation": "Jugend Hackt", 
        "photo": "https://raw.githubusercontent.com/OpenTechSummit/2016.opentechsummit.net/gh-pages/programm/speakers/Jakob_Schade.jpg", 
        "position": null, 
        "sessions": [
            {
                "id": 58, 
                "title": "Jugend Hackt"
            }, 
            {
                "id": 79, 
                "title": "Jugend Hackt"
            }
        ], 
        "short_biography": null, 
        "twitter": "", 
        "website": "https://jugendhackt.de"
    }, 
    {
        "country": "Germany", 
        "email": "email@domain.com", 
        "facebook": null, 
        "github": "https://github.com/erikdoe", 
        "id": 45, 
        "linkedin": "http://de.linkedin.com/in/edoernenburg/", 
        "long_biography": "I'm a software developer, consultant, and Head of Technology at ThoughtWorks, helping our clients with writing custom software.   Over the years I have worked with many different technologies and technology platforms, always curious to understand the potential they offer to solve real-world problems. Having seen a fair share of overly complex architectures I became interested in exploring simplicity in design and software visualisation as a way to make architecture more understandable.  My career began in the early nineties and throughout I have been an advocate of agile values and open source software. Over the past ten years I have spoken at many international conferences, contributed to a few books, and maintained the OCMock and CCMenu open source projects.", 
        "mobile": null, 
        "name": "Erik D\u00f6rnenburg", 
        "organisation": "CTO Thoughtworks", 
        "photo": "https://raw.githubusercontent.com/OpenTechSummit/2016.opentechsummit.net/gh-pages/programm/speakers/Erik_D\u00f6rnenburg.jpg", 
        "position": null, 
        "sessions": [
            {
                "id": 48, 
                "title": "The Power of Open"
            }
        ], 
        "short_biography": null, 
        "twitter": "https://twitter.com/erikdoe", 
        "website": "http://opentechsummit.net"
    }, 
    {
        "country": "Germany", 
        "email": "email@domain.com", 
        "facebook": null, 
        "github": "", 
        "id": 46, 
        "linkedin": "", 
        "long_biography": "Lennart Poettering is employed by Red Hat to work on systemd. He lives in Berlin.", 
        "mobile": null, 
        "name": "Lennart Poettering", 
        "organisation": "Red Hat", 
        "photo": "https://raw.githubusercontent.com/OpenTechSummit/2016.opentechsummit.net/gh-pages/programm/speakers/Lennart_Poettering.jpg", 
        "position": null, 
        "sessions": [
            {
                "id": 49, 
                "title": "The systemd Journal"
            }
        ], 
        "short_biography": null, 
        "twitter": "", 
        "website": "http://0pointer.de/blog/"
    }, 
    {
        "country": "Germany", 
        "email": "email@domain.com", 
        "facebook": null, 
        "github": "https://github.com/blixtra", 
        "id": 47, 
        "linkedin": "https://www.linkedin.com/in/christopherk1", 
        "long_biography": "After getting hooked on free and open source software as a hobby through the GNOME project, Chris was able to turn this passion into a career and has since co-founded Kinvolk in Berlin, which focuses exclusively on open source software engineering for foundational Linux technologies: the Linux kernel, systemd, rkt, etc.  Chris is an active member of the Berlin open source community. He helps organize the Berlin meetups for CoreOS and systemd, the Berlin Open Source Eats-n-Drinks Meetup and works with the systemd team to organize systemd.conf.", 
        "mobile": null, 
        "name": "Chris K\u00fchl", 
        "organisation": "Kinvolk GmbH", 
        "photo": "https://raw.githubusercontent.com/OpenTechSummit/2016.opentechsummit.net/gh-pages/programm/speakers/Chris_K\u00fchl.jpg", 
        "position": null, 
        "sessions": [
            {
                "id": 50, 
                "title": "The rkt container runtime; explanation and demonstration"
            }
        ], 
        "short_biography": null, 
        "twitter": "https://twitter.com/@blixtra", 
        "website": "https://kinvolk.io"
    }, 
    {
        "country": "Berlin", 
        "email": "email@domain.com", 
        "facebook": null, 
        "github": "", 
        "id": 48, 
        "linkedin": "", 
        "long_biography": "Ruediger Weis has studied math at the University of Mannheim. After his PhD in computer science about cryptography for distributed systems he founded cryptolabs Amsterdam. From 2002 till 2005 he worked as Post-Doc researcher with Andy Tanenbaum at the Vrije Universiteit Amsterdam. In 2005 he has accepted a professorship at the Technische Fachhochschule Berlin. Ruediger Weis is a longtime member of the Chaos Computer club and founding member of the Digitale Gesellschaft e.V.. Since 2016 he is also a member of the Minix 3 steering team.", 
        "mobile": null, 
        "name": "Ruediger Weis", 
        "organisation": "Beuth Hochschule f\u00fcr Technik Berlin", 
        "photo": "https://raw.githubusercontent.com/OpenTechSummit/2016.opentechsummit.net/gh-pages/programm/speakers/Ruediger_Weis.jpg", 
        "position": null, 
        "sessions": [
            {
                "id": 51, 
                "title": "Authenticated Anonymity by Math"
            }
        ], 
        "short_biography": null, 
        "twitter": "", 
        "website": "http://public.beuth-hochschule.de/~rweis/"
    }, 
    {
        "country": "", 
        "email": "email@domain.com", 
        "facebook": null, 
        "github": "", 
        "id": 49, 
        "linkedin": "https://www.linkedin.com/in/bruno-kirschner-4b8421b4", 
        "long_biography": "Bruno Kirchner is a Master student at the Beuth-Hochschule fuer Technik in Berlin.", 
        "mobile": null, 
        "name": "Bruno Kirschner", 
        "organisation": "Beuth Hochschule f\u00fcr Technik Berlin", 
        "photo": "https://raw.githubusercontent.com/OpenTechSummit/2016.opentechsummit.net/gh-pages/programm/speakers/Bruno_Kirschner.jpg", 
        "position": null, 
        "sessions": [
            {
                "id": 51, 
                "title": "Authenticated Anonymity by Math"
            }
        ], 
        "short_biography": null, 
        "twitter": "https://twitter.com/ondorio", 
        "website": ""
    }, 
    {
        "country": "Germany", 
        "email": "email@domain.com", 
        "facebook": null, 
        "github": "", 
        "id": 50, 
        "linkedin": "https://de.linkedin.com/in/matthiaskirschner", 
        "long_biography": "Matthias Kirschner ist Pr\u00e4sident der FSFE. 1999 begann er GNU/Linux zu nutzen und realisierte, dass Software tief in allen Bereichen unseres Lebens verwurzelt ist. Er ist davon \u00fcberzeugt, dass diese Technik unsere Gesellschaft nicht einschr\u00e4nken, sondern sie bef\u00e4higen muss. Seit 2004, w\u00e4hrend seines Studiums der Politik- und Verwaltungswissenschaft, engagiert er sich bei der FSFE. Er unterst\u00fctzt Organisationen, Unternehmen und die \u00d6ffentliche Verwaltung dabei, von Freier Software zu profitieren und er erkl\u00e4rt, wie die grundlegenden Rechte von Freier Software -- das Recht sie zu verwenden, zu verstehen, zu verbreiten und zu verbessern -- die Meinungsfreiheit, Pressefreiheit oder Privatsph\u00e4re f\u00f6rdern.  Matthias Kirschner is President of FSFE. In 1999 he started using GNU/Linux and realised that software is deeply involved in all aspects of our lives. Matthias is convinced that this technology has to empower society not restrict it. While studying Political and Administrative Science he joined FSFE in 2004. He helps other organisations, companies and governments to understand how they can benefit from Free Software -- which gives everybody the rights to use, understand, adapt and share software -- and how those rights help to support freedom of speech, freedom of press or privacy.", 
        "mobile": null, 
        "name": "Matthias Kirschner", 
        "organisation": "Free Software Foundation Europe e.V.", 
        "photo": "https://raw.githubusercontent.com/OpenTechSummit/2016.opentechsummit.net/gh-pages/programm/speakers/Matthias_Kirschner.jpg", 
        "position": null, 
        "sessions": [
            {
                "id": 52, 
                "title": "Das Freie Software 1x1: Mi\u00dfverst\u00e4ndnisse gekonnt aufkl\u00e4ren"
            }
        ], 
        "short_biography": null, 
        "twitter": "https://twitter.com/kirschner", 
        "website": "http://fsfe.org"
    }, 
    {
        "country": "Deutschland", 
        "email": "email@domain.com", 
        "facebook": null, 
        "github": "", 
        "id": 51, 
        "linkedin": "https://www.linkedin.com/in/veit-schiele-84759570", 
        "long_biography": "Gr\u00fcnder und Gesch\u00e4ftsf\u00fchrer der cusy GmbH. Community manager des Python Software Verband (PySV) und Co-Organisator der Python Users Berlin (PUB).", 
        "mobile": null, 
        "name": "Veit Schiele", 
        "organisation": "cusy GmbH", 
        "photo": "https://raw.githubusercontent.com/OpenTechSummit/2016.opentechsummit.net/gh-pages/programm/speakers/Veit_Schiele.jpg", 
        "position": null, 
        "sessions": [
            {
                "id": 53, 
                "title": "Quo vadis DevOps?"
            }
        ], 
        "short_biography": null, 
        "twitter": "https://twitter.com/VeitSchiele", 
        "website": "https://www.cusy.io/"
    }, 
    {
        "country": "Germany", 
        "email": "email@domain.com", 
        "facebook": null, 
        "github": "", 
        "id": 52, 
        "linkedin": "", 
        "long_biography": "Thunderbird-Entwickler und Council-Member", 
        "mobile": null, 
        "name": "J\u00f6rg Knobloch", 
        "organisation": "Thunderbird", 
        "photo": "https://raw.githubusercontent.com/OpenTechSummit/2016.opentechsummit.net/gh-pages/programm/speakers/J\u00f6rg_Knobloch.jpg", 
        "position": null, 
        "sessions": [
            {
                "id": 54, 
                "title": "Thunderbird - Entwicklung und Ausblick"
            }
        ], 
        "short_biography": null, 
        "twitter": "", 
        "website": "http://www.jorgk.com/misc/tb.htm"
    }, 
    {
        "country": "Deutschland", 
        "email": "email@domain.com", 
        "facebook": null, 
        "github": "", 
        "id": 53, 
        "linkedin": "", 
        "long_biography": "R\u00fcdiger Trojok Diplom Biologist, studied systems and synthetic biology at the Universities of Potsdam, Copenhagen (DTU) and Freiburg. During his thesis he invented a novel contraceptive method based on genetically altered lactic acid bacteria. He worked as a freelance consultant for the office for Technology Assessment by the German Parliament on biohacking and synthetic biology. Since 2014 he works for the Institute for Technology Assessment and Systems Analysis at the Karlsruhe Institute for Technology on the EU program Synenergene. He is currently establishing a citizen science biolab in Berlin, and is supporting open-source biotechnology projects related to public life, politics and the arts.", 
        "mobile": null, 
        "name": "R\u00fcdiger Trojok", 
        "organisation": "Bioflux", 
        "photo": "https://raw.githubusercontent.com/OpenTechSummit/2016.opentechsummit.net/gh-pages/programm/speakers/R\u00fcdiger_Trojok.jpg", 
        "position": null, 
        "sessions": [
            {
                "id": 55, 
                "title": "Bioflux - A Personal Laboratory for everyone"
            }
        ], 
        "short_biography": null, 
        "twitter": "", 
        "website": "http://www.bioflux.eu/"
    }, 
    {
        "country": "Deutschland", 
        "email": "email@domain.com", 
        "facebook": null, 
        "github": "", 
        "id": 54, 
        "linkedin": "", 
        "long_biography": "Mirela Alistar has received her PhD in computer engineering from the Technical University of Denmark in 2014. Since 2010, she has been working on developing Computer-Aided Design tools for digital microfluidic biochips. Her main research interests are in the area of system-level design of embedded systems, with a special focus on digital microfluidics. She is supporting open access research and she has organized citizen-science events, where she dissiminates to the public with the aim of involving them into creating more knowledge.", 
        "mobile": null, 
        "name": "Mirela Alistar", 
        "organisation": "Bioflux", 
        "photo": "https://raw.githubusercontent.com/OpenTechSummit/2016.opentechsummit.net/gh-pages/programm/speakers/Mirela_Alistar.jpg", 
        "position": null, 
        "sessions": [
            {
                "id": 56, 
                "title": "Bioflux - A Personal Laboratory for everyone"
            }
        ], 
        "short_biography": null, 
        "twitter": "", 
        "website": "http://www.bioflux.eu/"
    }, 
    {
        "country": "", 
        "email": "email@domain.com", 
        "facebook": null, 
        "github": "", 
        "id": 55, 
        "linkedin": "", 
        "long_biography": "", 
        "mobile": null, 
        "name": "Mario Behling", 
        "organisation": "OTS", 
        "photo": "https://raw.githubusercontent.com/OpenTechSummit/2016.opentechsummit.net/gh-pages/programm/", 
        "position": null, 
        "sessions": [
            {
                "id": 57, 
                "title": "Kurzes Wrap up und Ab geht's zur Lounge im Erdgeschoss bis 23 Uhr. / Wrap up and Lounge until 11pm in the ground floor space."
            }
        ], 
        "short_biography": null, 
        "twitter": "", 
        "website": ""
    }, 
    {
        "country": "Germany", 
        "email": "email@domain.com", 
        "facebook": null, 
        "github": "", 
        "id": 57, 
        "linkedin": "", 
        "long_biography": "Franziska is Co-Founder of Junge T\u00fcftler. Before she started the Junge T\u00fcftler initiative in 2015 she worked as a Designer for the Volkswagen Innovation Team and IXDS. Junge T\u00fcftler wants to get kids excited about tech and coding. Within the last year the Junge T\u00fcftler team developed various formats to reach kids and multiplicators within Berlin and Germany. ", 
        "mobile": null, 
        "name": "Franziska Schmid", 
        "organisation": "Junge T\u00fcftler", 
        "photo": "https://raw.githubusercontent.com/OpenTechSummit/2016.opentechsummit.net/gh-pages/programm/speakers/Franziska_Schmid.jpg", 
        "position": null, 
        "sessions": [
            {
                "id": 59, 
                "title": "Feel the force! ... or how to make open education for real"
            }, 
            {
                "id": 78, 
                "title": "\u201eHallo Welt. Wir machen uns die Welt, wie sie uns gef\u00e4llt\u201c"
            }
        ], 
        "short_biography": null, 
        "twitter": "https://twitter.com/@Franzi_Schmid", 
        "website": "http://junge-tueftler.de/"
    }, 
    {
        "country": "Germany", 
        "email": "email@domain.com", 
        "facebook": null, 
        "github": "", 
        "id": 58, 
        "linkedin": "    https://de.linkedin.com/in/julea", 
        "long_biography": "Julia is a passionate tinkerer and believes in the wisdom of the hands and the knowledge you gain when making things on your own. She shares her knowledge and passion about tinkering with technology in Hands-On workshops and also works as a lecturer for DIY seminars, e.g. for the Art & Design University, Braunschweig. Getting daily inspired by her own children it is an inner objective for her to offer kids a playful access to technology and provide them with the right tools to creatively tinker around - and by doing so to develop the required skill set to solve the problems of tomorrow. That\u2019s why she founded \u201cJunge T\u00fcftler\u201d. Besides, Julia worked many years as a design strategist for the automobile industry with a focus on human centred design and business innovation and holds M.A and Ph.D. degrees in Media Interaction & Media Sciences. While she loves digital technology she is always driven by combining its potential with human values to create a worth living world.", 
        "mobile": null, 
        "name": "Julia Kleeberger", 
        "organisation": "Junge T\u00fcftler", 
        "photo": "https://raw.githubusercontent.com/OpenTechSummit/2016.opentechsummit.net/gh-pages/programm/speakers/Julia_Kleeberger.jpg", 
        "position": null, 
        "sessions": [
            {
                "id": 59, 
                "title": "Feel the force! ... or how to make open education for real"
            }, 
            {
                "id": 78, 
                "title": "\u201eHallo Welt. Wir machen uns die Welt, wie sie uns gef\u00e4llt\u201c"
            }
        ], 
        "short_biography": null, 
        "twitter": "https://twitter.com/@Ju_lea", 
        "website": "http://junge-tueftler.de"
    }, 
    {
        "country": "Sweden", 
        "email": "email@domain.com", 
        "facebook": null, 
        "github": "https://github.com/wikimedia", 
        "id": 59, 
        "linkedin": "", 
        "long_biography": "The art manager Barbara Fischer is operating as curator for cultural partnerships at Wikimedia Deutschland. Her job is to enhance GLAM institutions to join the Open Culture movement as in Wikimedia projects.", 
        "mobile": null, 
        "name": "Barbara Fischer", 
        "organisation": "Wikimedia Deutschland", 
        "photo": "https://raw.githubusercontent.com/OpenTechSummit/2016.opentechsummit.net/gh-pages/programm/speakers/Barbara_Fischer.jpg", 
        "position": null, 
        "sessions": [
            {
                "id": 60, 
                "title": "GLAMorous Importer wanted"
            }
        ], 
        "short_biography": null, 
        "twitter": "https://twitter.com/@fischerdata", 
        "website": "http://blog.wikimedia.de/"
    }, 
    {
        "country": "Germany", 
        "email": "email@domain.com", 
        "facebook": null, 
        "github": "https://github.com/OSevangelist", 
        "id": 60, 
        "linkedin": "https://www.linkedin.com/in/frederik-kramer-68188087", 
        "long_biography": "Frederik Kramer studierte Wirtschaftsinformatik am Institut f\u00fcr Technische und Betriebliche Informationssysteme der Otto-von-Guericke-Universit\u00e4t Magdeburg. Aktuell arbeitet er als assoziierter Wissenschaftler am Magdeburg Research and Competence Cluster (MRCC) an seiner Promotion zur strategischen Gestaltung von Systemlandschaften in KMU. Sein Forschungsinteresse liegt dabei insbesondere bei der strategischen Nutzung von Open Source Software zur Gewinnung nachhaltiger Wettbewerbsvorteile. Als Gr\u00fcnder und Gesch\u00e4ftsf\u00fchrer der initOS GmbH besch\u00e4ftigt er sich zusammen mit seinen Kollegen seit vielen Jahren mit der strategischen Planung, Einf\u00fchrung, Wartung und Nutzung auf Open Source Software basierender komplexer betrieblicher Anwendungssysteme.", 
        "mobile": null, 
        "name": "Frederik Kramer", 
        "organisation": "initOS GmbH / Otto-von-Guericke University Magdeburg", 
        "photo": "https://raw.githubusercontent.com/OpenTechSummit/2016.opentechsummit.net/gh-pages/programm/speakers/Frederik_Kramer.jpg", 
        "position": null, 
        "sessions": [
            {
                "id": 61, 
                "title": "Die Rolle von Wissen, \u00f6konomischer Faktoren und Professionalisierung in erfolgreichen Open Source Projekten am Beispiel von Odoo"
            }
        ], 
        "short_biography": null, 
        "twitter": "https://twitter.com/OSevangelist", 
        "website": "http://blog.initos.com"
    }, 
    {
        "country": "Albania", 
        "email": "email@domain.com", 
        "facebook": null, 
        "github": "https://github.com/elioqoshi", 
        "id": 61, 
        "linkedin": "https://al.linkedin.com/in/elioqoshi", 
        "long_biography": "Elio is an open source designer from Albania currently involved as a Creative Lead at Mozilla Community Design, Glucosio and GalliumOS. He works for SitePoint as a Community Manager and Author, covering the latest open source technologies and topics. When he is not pursuing his studies at the University of Arts in Tirana, he contributes with efforts as a board member at Open Labs Hackerspace and organizing OSCAL (Open Source Conference Albania).", 
        "mobile": null, 
        "name": "Elio Qoshi", 
        "organisation": "Mozilla", 
        "photo": "https://raw.githubusercontent.com/OpenTechSummit/2016.opentechsummit.net/gh-pages/programm/speakers/Elio_Qoshi.jpg", 
        "position": null, 
        "sessions": [
            {
                "id": 63, 
                "title": "Community Design at Mozilla  "
            }
        ], 
        "short_biography": null, 
        "twitter": "https://twitter.com/elioqoshi", 
        "website": "http://elioqoshi.me"
    }, 
    {
        "country": "Germany", 
        "email": "email@domain.com", 
        "facebook": null, 
        "github": "", 
        "id": 62, 
        "linkedin": "", 
        "long_biography": "Lars Zimmermann (larszimmermann.de) is an artist and economist. He explores Open Source Hardware business models and Open Source for Circular Economy. He is involved in a variety of projects and organizations like the Open It Agency (openitagency.eu), Open Source Circular Economy Days (oscedays.org), The City Is Open Source (thecityisopensource.de) and Mifactori (mifactori.bloglz.de).", 
        "mobile": null, 
        "name": "Lars Zimmermann", 
        "organisation": "Open Source Circular Economy Days", 
        "photo": "https://raw.githubusercontent.com/OpenTechSummit/2016.opentechsummit.net/gh-pages/programm/speakers/Lars_Zimmermann.jpg", 
        "position": null, 
        "sessions": [
            {
                "id": 64, 
                "title": "Open Source Circular Design is so Ugly! / Open Source Circular Design ist unglaublich h\u00e4sslich!"
            }
        ], 
        "short_biography": null, 
        "twitter": "https://twitter.com/@bricktick", 
        "website": "http://bloglz.de"
    }, 
    {
        "country": "Germany", 
        "email": "email@domain.com", 
        "facebook": null, 
        "github": "", 
        "id": 63, 
        "linkedin": "https://de.linkedin.com/in/felicitasblanck", 
        "long_biography": "Community Managerin und Zensuruschi. Urspr\u00fcnglich Kunsthistorikerin. Ich besch\u00e4ftige mich mit der Kommentardebatte im Internet und der Frage, wie man Nutzer am besten zu Wort kommen lassen kann. Sehr interessiert an Verkn\u00fcpfungen von Kultur/Journalismus und Internet.", 
        "mobile": null, 
        "name": "Felicitas Blanck", 
        "organisation": "Community Managerin", 
        "photo": "https://raw.githubusercontent.com/OpenTechSummit/2016.opentechsummit.net/gh-pages/programm/speakers/Felicitas_Blanck.jpg", 
        "position": null, 
        "sessions": [
            {
                "id": 65, 
                "title": "Nutzerkommentare im Internet: Sind die Kommentare noch zu retten?"
            }
        ], 
        "short_biography": null, 
        "twitter": "https://twitter.com/fraufeli/", 
        "website": "https://about.me/felicitasblanck"
    }, 
    {
        "country": "Berlin", 
        "email": "email@domain.com", 
        "facebook": null, 
        "github": "", 
        "id": 64, 
        "linkedin": "", 
        "long_biography": "Wir sind das Team des Code Week Awards. Wir unterst\u00fctzen und vernetzen Projekte, sind unterwegs auf kreativen Tech Festivals, f\u00fchren Workshops durch, geben euch Tipps bei Fragen zu OER-Konzepten oder helfen bei der Suche einer Coding-Initiative in eurer N\u00e4he.", 
        "mobile": null, 
        "name": "Code Week Award", 
        "organisation": "Code Week Award", 
        "photo": "https://raw.githubusercontent.com/OpenTechSummit/2016.opentechsummit.net/gh-pages/programm/speakers/Code Week_Award.jpg", 
        "position": null, 
        "sessions": [
            {
                "id": 66, 
                "title": "Code Week Award Live-Hack"
            }, 
            {
                "id": 80, 
                "title": "Code Week Award Live-Hack"
            }
        ], 
        "short_biography": null, 
        "twitter": "https://twitter.com/@codeweekaward", 
        "website": "http://award.codeweek.de/"
    }, 
    {
        "country": "Germany", 
        "email": "email@domain.com", 
        "facebook": null, 
        "github": "https://github.com/ChrisChinchilla", 
        "id": 65, 
        "linkedin": "http://www.linkedin.com/in/chrischinchilla", 
        "long_biography": "Developer Relations, Technical Writing and Editing, (Board) Game Design, Education, Explanation and always more to come.", 
        "mobile": null, 
        "name": "Chris Ward", 
        "organisation": "Gregarious Mammal", 
        "photo": "https://raw.githubusercontent.com/OpenTechSummit/2016.opentechsummit.net/gh-pages/programm/speakers/Chris_Ward.jpg", 
        "position": null, 
        "sessions": [
            {
                "id": 67, 
                "title": "Don't complain about bad documentation, learn to write it better!"
            }
        ], 
        "short_biography": null, 
        "twitter": "https://twitter.com/ChrisChinch", 
        "website": "http://gregariousmammal.com"
    }, 
    {
        "country": "Germany", 
        "email": "email@domain.com", 
        "facebook": null, 
        "github": "https://github.com/endocode", 
        "id": 66, 
        "linkedin": "https://www.linkedin.com/in/thomas-fricke-9840a21", 
        "long_biography": "CTO and Partner of Endocode AG  As a Cloud Architect, he has designed clouds and applications shaped to run in clouds for more than a decade.  OpenSource enthusiast for nearly 30 years  ", 
        "mobile": null, 
        "name": "Thomas Fricke", 
        "organisation": "Endocode AG", 
        "photo": "https://raw.githubusercontent.com/OpenTechSummit/2016.opentechsummit.net/gh-pages/programm/speakers/Thomas_Fricke.jpg", 
        "position": null, 
        "sessions": [
            {
                "id": 68, 
                "title": "Creating Service Clouds with Kubernetes, CoreOS, Container and Co "
            }
        ], 
        "short_biography": null, 
        "twitter": "", 
        "website": "https://endocode.com"
    }, 
    {
        "country": "Germany/ Berlin", 
        "email": "email@domain.com", 
        "facebook": null, 
        "github": "", 
        "id": 67, 
        "linkedin": "", 
        "long_biography": "born in 1970 studying art until 2001 working as sculptor until 2014 participating on 31c3 initiating the flashcat project in 2015   ", 
        "mobile": null, 
        "name": "Kai Mertens", 
        "organisation": "flashcat-project", 
        "photo": "https://raw.githubusercontent.com/OpenTechSummit/2016.opentechsummit.net/gh-pages/programm/speakers/Kai_Mertens.jpg", 
        "position": null, 
        "sessions": [
            {
                "id": 69, 
                "title": "flashcat - your true open design chip flasher"
            }
        ], 
        "short_biography": null, 
        "twitter": "", 
        "website": "https://www.fairmondo.de/users/flashcat"
    }, 
    {
        "country": "Bordeaux, France", 
        "email": "email@domain.com", 
        "facebook": null, 
        "github": "", 
        "id": 68, 
        "linkedin": "", 
        "long_biography": "J\u00e9r\u00e9my Bonvoisin performs research in sustainable product development at the department of Industrial Information Technology of the Technische Universit\u00e4t Berlin. He leads the French-German research project \"OPEN!-Methods and tools for community-based product development\" that is dedicated to open source hardware and started in March 2016 for a duration of three years. Along the precedent years of research, he covered research topics such as: remanufacturing, energy efficiency of electric and electronic products, environmental assessment of ICT-based services, energy efficiency of production systems and product modularization. ", 
        "mobile": null, 
        "name": "J\u00e9r\u00e9my Bonvoisin", 
        "organisation": "Technische Universit\u00e4t Berlin", 
        "photo": "https://raw.githubusercontent.com/OpenTechSummit/2016.opentechsummit.net/gh-pages/programm/speakers/J\u00e9r\u00e9my_Bonvoisin.jpg", 
        "position": null, 
        "sessions": [
            {
                "id": 70, 
                "title": "Current state of practices in open source hardware"
            }
        ], 
        "short_biography": null, 
        "twitter": "", 
        "website": "http://wiki.opensourcedesign.cc"
    }, 
    {
        "country": "Deutschland", 
        "email": "email@domain.com", 
        "facebook": null, 
        "github": "https://github.com/0-8-15", 
        "id": 69, 
        "linkedin": "", 
        "long_biography": "geboren 1965  Studium der Informatik (Diplom) 1988-93", 
        "mobile": null, 
        "name": "J\u00f6rg Wittenberger", 
        "organisation": "Askemos", 
        "photo": "https://raw.githubusercontent.com/OpenTechSummit/2016.opentechsummit.net/gh-pages/programm/speakers/J\u00f6rg_Wittenberger.jpg", 
        "position": null, 
        "sessions": [
            {
                "id": 71, 
                "title": "smart contracts [th]at work"
            }
        ], 
        "short_biography": null, 
        "twitter": "", 
        "website": "http://ball.askemos.org"
    }, 
    {
        "country": "Germany", 
        "email": "email@domain.com", 
        "facebook": null, 
        "github": "", 
        "id": 70, 
        "linkedin": "", 
        "long_biography": "Media Artist at ionary", 
        "mobile": null, 
        "name": "Denjell Caleb Thompson", 
        "organisation": "ionary", 
        "photo": "https://raw.githubusercontent.com/OpenTechSummit/2016.opentechsummit.net/gh-pages/programm/speakers/Denjell_Caleb Thompson.jpg", 
        "position": null, 
        "sessions": [
            {
                "id": 72, 
                "title": "Degrees of Openness [\u00b0O]"
            }
        ], 
        "short_biography": null, 
        "twitter": "http://twitter.com/denjello", 
        "website": "http://ionary.org"
    }, 
    {
        "country": "Deutschland", 
        "email": "email@domain.com", 
        "facebook": null, 
        "github": "https://github.com/robbi5", 
        "id": 71, 
        "linkedin": "", 
        "long_biography": "Maximilian Richt ist ehrenamtlich bei der Open Knowledge Foundation Deutschland und besch\u00e4ftigt sich mit der \u00d6ffnung und Durchsuchbarkeit von Daten.  Sonst verbringt er viel Zeit in Z\u00fcgen, die hin und wieder zu Projekten wie kleineAnfragen.de f\u00fchrt.", 
        "mobile": null, 
        "name": "Maximilian Richt", 
        "organisation": "Open Knowledge Foundation Deutschland", 
        "photo": "https://raw.githubusercontent.com/OpenTechSummit/2016.opentechsummit.net/gh-pages/programm/speakers/Maximilian_Richt.jpg", 
        "position": null, 
        "sessions": [
            {
                "id": 73, 
                "title": "sehrgutachten und kleineAnfragen: Einmischen in Regierungsangelegenheiten"
            }
        ], 
        "short_biography": null, 
        "twitter": "https://twitter.com/robbi5", 
        "website": "https://robbi5.de"
    }, 
    {
        "country": "Rome", 
        "email": "email@domain.com", 
        "facebook": null, 
        "github": "", 
        "id": 72, 
        "linkedin": "", 
        "long_biography": "Recently Yanis Varoufakis joined the Icelandic Pirate Party's choir, asking for a new Constitution for the European Union. It is quite obvious, that such a document must be developed in a participatory utilizing the Internet. Yet, the Internet bears many threats and e-democracy platforms are prone to many fallacies. carlo von lynX has been publicly discussing potentials and risks after participating in the debut installation of Liquid Feedback which led to 2011's electoral success of the Berlin Piratenpartei. Later he joined the Italian Pirate Party in the endeavor of designing a leaderless political party, continuously governed by a permanent electronic assembly \u2013 where decisions are taken together. At first it didn't work, but after several years of design re-iterations it now seems like the design is functional. A large-scale digital assembly or parliament is not only possible, it can also be self-governed.", 
        "mobile": null, 
        "name": "carlo von lynX", 
        "organisation": "youbroketheinternet.org", 
        "photo": "https://raw.githubusercontent.com/OpenTechSummit/2016.opentechsummit.net/gh-pages/programm/speakers/carlo_von lynX.jpg", 
        "position": null, 
        "sessions": [
            {
                "id": 74, 
                "title": "Making participation: How to put participants in charge of their own e-democracy platform"
            }
        ], 
        "short_biography": null, 
        "twitter": "https://twitter.com/lynXintl", 
        "website": "http://my.pages.de/"
    }, 
    {
        "country": "Germany", 
        "email": "email@domain.com", 
        "facebook": null, 
        "github": "", 
        "id": 73, 
        "linkedin": "", 
        "long_biography": "Senior UX developer, fmr. digital advocate in Brussels, organiser of the annual OpenTechSummit.", 
        "mobile": null, 
        "name": "Andr\u00e9 Rebentisch", 
        "organisation": "OTS", 
        "photo": "https://raw.githubusercontent.com/OpenTechSummit/2016.opentechsummit.net/gh-pages/programm/speakers/Andr\u00e9_Rebentisch.jpg", 
        "position": null, 
        "sessions": [
            {
                "id": 75, 
                "title": "Open Standards in perils? European Commission revises the European Interoperability Framework"
            }
        ], 
        "short_biography": null, 
        "twitter": "https://twitter.com/agonarch", 
        "website": "http://ffii.org"
    }, 
    {
        "country": "Deutschland", 
        "email": "email@domain.com", 
        "facebook": null, 
        "github": "https://github.com/jugendhackt", 
        "id": 74, 
        "linkedin": "", 
        "long_biography": "", 
        "mobile": null, 
        "name": "David Weber", 
        "organisation": "", 
        "photo": "https://raw.githubusercontent.com/OpenTechSummit/2016.opentechsummit.net/gh-pages/programm/", 
        "position": null, 
        "sessions": [
            {
                "id": 79, 
                "title": "Jugend Hackt"
            }
        ], 
        "short_biography": null, 
        "twitter": "", 
        "website": "https://jugendhackt.de"
    }, 
    {
        "country": "Deutschland", 
        "email": "email@domain.com", 
        "facebook": null, 
        "github": "https://github.com/jugendhackt", 
        "id": 75, 
        "linkedin": "", 
        "long_biography": "", 
        "mobile": null, 
        "name": "Roman Kobosil", 
        "organisation": "", 
        "photo": "https://raw.githubusercontent.com/OpenTechSummit/2016.opentechsummit.net/gh-pages/programm/", 
        "position": null, 
        "sessions": [
            {
                "id": 79, 
                "title": "Jugend Hackt"
            }
        ], 
        "short_biography": null, 
        "twitter": "", 
        "website": "https://jugendhackt.de"
    }, 
    {
        "country": "Deutschland", 
        "email": "email@domain.com", 
        "facebook": null, 
        "github": "https://github.com/jugendhackt", 
        "id": 76, 
        "linkedin": "", 
        "long_biography": "", 
        "mobile": null, 
        "name": "Paula Glaser", 
        "organisation": "", 
        "photo": "https://raw.githubusercontent.com/OpenTechSummit/2016.opentechsummit.net/gh-pages/programm/", 
        "position": null, 
        "sessions": [
            {
                "id": 79, 
                "title": "Jugend Hackt"
            }
        ], 
        "short_biography": null, 
        "twitter": "", 
        "website": "https://jugendhackt.de"
    }, 
    {
        "country": "Germany", 
        "email": "email@domain.com", 
        "facebook": null, 
        "github": "", 
        "id": 77, 
        "linkedin": "", 
        "long_biography": "Harald Maassen ist langjaehriger Aktiver beim Linux Professional Institute.", 
        "mobile": null, 
        "name": "Harald Maa\u00dfen", 
        "organisation": "LPI e.V.", 
        "photo": "https://raw.githubusercontent.com/OpenTechSummit/2016.opentechsummit.net/gh-pages/programm/speakers/Harald_Maa\u00dfen.jpg", 
        "position": null, 
        "sessions": [
            {
                "id": 81, 
                "title": "LPI Zertifizierung"
            }, 
            {
                "id": 82, 
                "title": "LPI Zertifizierung"
            }
        ], 
        "short_biography": null, 
        "twitter": "", 
        "website": "https://www.lpi.org"
    }
]