[
    {
        "description": "The FFII is a global network of associations dedicated to consumer rights and education about digital media, genuine open standards. ", 
        "id": 1, 
        "level": "1", 
        "logo": "https://raw.githubusercontent.com/OpenTechSummit/2016.opentechsummit.net/gh-pages/img/FFII.gif", 
        "name": "FFII", 
        "sponsor_type": "Platinum Sponsor", 
        "url": "http://ffii.org"
    }, 
    {
        "description": "", 
        "id": 2, 
        "level": "2", 
        "logo": "https://raw.githubusercontent.com/OpenTechSummit/2016.opentechsummit.net/gh-pages/img/CWA%20Logo%202016%20_S_White.png", 
        "name": "Code Week Award", 
        "sponsor_type": "Partner", 
        "url": "http://codeweek.de/"
    }, 
    {
        "description": "", 
        "id": 3, 
        "level": "2", 
        "logo": "https://raw.githubusercontent.com/OpenTechSummit/2016.opentechsummit.net/gh-pages/img/Wikidata-logo-en.png", 
        "name": "WikiData", 
        "sponsor_type": "Partner", 
        "url": "https://www.wikidata.org/"
    }, 
    {
        "description": "", 
        "id": 4, 
        "level": "2", 
        "logo": "https://raw.githubusercontent.com/OpenTechSummit/2016.opentechsummit.net/gh-pages/img/LPI-cube.jpg", 
        "name": "LPI", 
        "sponsor_type": "Partner", 
        "url": "https://lpievent.lpice.eu/"
    }, 
    {
        "description": "", 
        "id": 5, 
        "level": "2", 
        "logo": "https://raw.githubusercontent.com/OpenTechSummit/2016.opentechsummit.net/gh-pages/img/AStA-logo.png", 
        "name": "ASTAUp", 
        "sponsor_type": "Partner", 
        "url": "http://astaup.de/"
    }, 
    {
        "description": "", 
        "id": 6, 
        "level": "2", 
        "logo": "https://raw.githubusercontent.com/OpenTechSummit/2016.opentechsummit.net/gh-pages/img/asta-fhp.png", 
        "name": "ASTA FH Potsdam", 
        "sponsor_type": "Partner", 
        "url": "http://asta.fh-potsdam.de/"
    }, 
    {
        "description": "", 
        "id": 7, 
        "level": "3", 
        "logo": "https://raw.githubusercontent.com/OpenTechSummit/2016.opentechsummit.net/gh-pages/img/VoiceRepublic.png", 
        "name": "Voice Republic", 
        "sponsor_type": "Media Partner", 
        "url": "https://voicerepublic.com/series/open-tech-summit-2016"
    }
]
